{
  "holding_vs_case": {
    "THIRD": {
      "holding_rate": 0.34146341463414637,
      "case_rate": 0.21428571428571427,
      "holding_or": 0.23765432098765432,
      "case_or": 0.1652892561983471,
      "diff": 0.1271777003484321
    },
    "GRAND_CHAMBER": {
      "holding_rate": 0.7755102040816326,
      "case_rate": 0.8333333333333334,
      "holding_or": 2.878787878787879,
      "case_or": 5.576923076923077,
      "diff": 0.057823129251700744
    },
    "FIRST": {
      "holding_rate": 0.6136363636363636,
      "case_rate": 0.47368421052631576,
      "holding_or": 1.0333097094259391,
      "case_or": 0.7,
      "diff": 0.13995215311004788
    },
    "N. J\u00e4\u00e4skinen": {
      "holding_rate": 0.43137254901960786,
      "case_rate": 0.26666666666666666,
      "diff": 0.1647058823529412
    },
    "L.S. Rossi": {
      "holding_rate": 0.8125,
      "case_rate": 0.9166666666666666,
      "diff": 0.10416666666666663
    },
    "T. von Danwitz": {
      "holding_rate": 0.6857142857142857,
      "case_rate": 0.7,
      "diff": 0.014285714285714235
    }
  },
  "rapporteur_specialization": {
    "N. J\u00e4\u00e4skinen": {
      "n": 51,
      "top_topic": "ENFORCEMENT",
      "top_pct": 0.6862745098039216,
      "hhi": 0.49327181853133417,
      "spec_ratio": 2.58437198895011,
      "is_specialized": true,
      "topics": {
        "ENFORCEMENT": 35,
        "LAWFULNESS": 1,
        "PRINCIPLES": 2,
        "SCOPE": 2,
        "OTHER": 6,
        "SPECIAL_CATEGORIES": 3,
        "ACTORS": 2
      }
    },
    "T. von Danwitz": {
      "n": 35,
      "top_topic": "SCOPE",
      "top_pct": 0.22857142857142856,
      "hhi": 0.16897959183673472,
      "spec_ratio": 0.8853255090617729,
      "is_specialized": false,
      "topics": {
        "OTHER": 6,
        "ACTORS": 2,
        "RIGHTS": 6,
        "SCOPE": 8,
        "ENFORCEMENT": 7,
        "PRINCIPLES": 4,
        "LAWFULNESS": 1,
        "SPECIAL_CATEGORIES": 1
      }
    },
    "L.S. Rossi": {
      "n": 32,
      "top_topic": "LAWFULNESS",
      "top_pct": 0.3125,
      "hhi": 0.2109375,
      "spec_ratio": 1.1051532764273149,
      "is_specialized": false,
      "topics": {
        "LAWFULNESS": 10,
        "RIGHTS": 2,
        "PRINCIPLES": 2,
        "ENFORCEMENT": 9,
        "SPECIAL_CATEGORIES": 3,
        "ACTORS": 3,
        "SCOPE": 3
      }
    },
    "I. Ziemele": {
      "n": 20,
      "top_topic": "RIGHTS",
      "top_pct": 0.4,
      "hhi": 0.31500000000000006,
      "spec_ratio": 1.6503622261314572,
      "is_specialized": true,
      "topics": {
        "ENFORCEMENT": 7,
        "RIGHTS": 8,
        "OTHER": 3,
        "PRINCIPLES": 2
      }
    },
    "M. Ile\u0161i\u010d": {
      "n": 16,
      "top_topic": "OTHER",
      "top_pct": 0.25,
      "hhi": 0.1640625,
      "spec_ratio": 0.8595636594434671,
      "is_specialized": false,
      "topics": {
        "SCOPE": 1,
        "OTHER": 4,
        "PRINCIPLES": 3,
        "LAWFULNESS": 2,
        "SPECIAL_CATEGORIES": 2,
        "ENFORCEMENT": 2,
        "RIGHTS": 2
      }
    }
  },
  "judge_specialization": {
    "N. J\u00e4\u00e4skinen": {
      "n": 77,
      "top_topic": "ENFORCEMENT",
      "top_pct": 0.5194805194805194,
      "hhi": 0.30747174903019053,
      "is_specialized": true
    },
    "K. Lenaerts": {
      "n": 72,
      "top_topic": "ENFORCEMENT",
      "top_pct": 0.2916666666666667,
      "hhi": 0.16435185185185186,
      "is_specialized": false
    },
    "K. J\u00fcrim\u00e4e": {
      "n": 68,
      "top_topic": "ENFORCEMENT",
      "top_pct": 0.47058823529411764,
      "hhi": 0.2707612456747405,
      "is_specialized": true
    },
    "T. von Danwitz": {
      "n": 64,
      "top_topic": "RIGHTS",
      "top_pct": 0.25,
      "hhi": 0.17626953125,
      "is_specialized": false
    },
    "A. Kumin": {
      "n": 63,
      "top_topic": "ENFORCEMENT",
      "top_pct": 0.2857142857142857,
      "hhi": 0.19828672209624587,
      "is_specialized": false
    },
    "A. Arabadjiev": {
      "n": 62,
      "top_topic": "ENFORCEMENT",
      "top_pct": 0.3387096774193548,
      "hhi": 0.1966701352757544,
      "is_specialized": false
    },
    "N. Pi\u00e7arra": {
      "n": 62,
      "top_topic": "ENFORCEMENT",
      "top_pct": 0.5161290322580645,
      "hhi": 0.31321540062434955,
      "is_specialized": true
    },
    "I. Ziemele": {
      "n": 59,
      "top_topic": "RIGHTS",
      "top_pct": 0.3220338983050847,
      "hhi": 0.20654984199942547,
      "is_specialized": false
    },
    "P.G. Xuereb": {
      "n": 57,
      "top_topic": "ENFORCEMENT",
      "top_pct": 0.2982456140350877,
      "hhi": 0.19790704832256073,
      "is_specialized": false
    },
    "C. Lycourgos": {
      "n": 54,
      "top_topic": "LAWFULNESS",
      "top_pct": 0.2222222222222222,
      "hhi": 0.14746227709190668,
      "is_specialized": false
    },
    "L.S. Rossi": {
      "n": 53,
      "top_topic": "ENFORCEMENT",
      "top_pct": 0.2830188679245283,
      "hhi": 0.1683873264506942,
      "is_specialized": false
    },
    "M. Gavalec": {
      "n": 53,
      "top_topic": "ENFORCEMENT",
      "top_pct": 0.4716981132075472,
      "hhi": 0.271626913492346,
      "is_specialized": true
    },
    "M. Safjan": {
      "n": 53,
      "top_topic": "ENFORCEMENT",
      "top_pct": 0.32075471698113206,
      "hhi": 0.19330722677109294,
      "is_specialized": false
    },
    "S. Rodin": {
      "n": 48,
      "top_topic": "LAWFULNESS",
      "top_pct": 0.20833333333333334,
      "hhi": 0.15625,
      "is_specialized": false
    },
    "M. Ile\u0161i\u010d": {
      "n": 41,
      "top_topic": "ENFORCEMENT",
      "top_pct": 0.2926829268292683,
      "hhi": 0.17073170731707316,
      "is_specialized": false
    }
  },
  "specialization_outcomes": {
    "N. J\u00e4\u00e4skinen": {
      "observed": 0.43137254901960786,
      "expected": 0.512864451964798,
      "diff": -0.08149190294519015,
      "n": 51
    },
    "T. von Danwitz": {
      "observed": 0.6857142857142857,
      "expected": 0.6681220180379844,
      "diff": 0.017592267676301288,
      "n": 35
    },
    "L.S. Rossi": {
      "observed": 0.8125,
      "expected": 0.6351210676578325,
      "diff": 0.1773789323421675,
      "n": 32
    },
    "I. Ziemele": {
      "observed": 0.6,
      "expected": 0.6234432234432234,
      "diff": -0.02344322344322347,
      "n": 20
    },
    "M. Ile\u0161i\u010d": {
      "observed": 0.625,
      "expected": 0.622293148028442,
      "diff": 0.0027068519715579553,
      "n": 16
    }
  },
  "deep_dive_topic_adjusted": {
    "within_topic_comparisons": {
      "N. J\u00e4\u00e4skinen_full_enforcement": {
        "topic": "ENFORCEMENT",
        "rate": 0.34285714285714286,
        "n": 35,
        "diff_from_baseline": -0.1186813186813187
      },
      "L.S. Rossi_full_enforcement": {
        "topic": "ENFORCEMENT",
        "rate": 0.7777777777777778,
        "n": 9,
        "diff_from_baseline": 0.3162393162393162
      },
      "T. von Danwitz_full_enforcement": {
        "topic": "ENFORCEMENT",
        "rate": 0.5714285714285714,
        "n": 7,
        "diff_from_baseline": 0.10989010989010983
      },
      "I. Ziemele_full_enforcement": {
        "topic": "ENFORCEMENT",
        "rate": 0.42857142857142855,
        "n": 7,
        "diff_from_baseline": -0.032967032967033016
      },
      "N. J\u00e4\u00e4skinen_enforcement_no_comp": {
        "topic": "ENFORCEMENT_NO_COMP",
        "rate": 0.5,
        "n": 4,
        "diff_from_baseline": -0.08620689655172409
      },
      "L.S. Rossi_enforcement_no_comp": {
        "topic": "ENFORCEMENT_NO_COMP",
        "rate": 0.7777777777777778,
        "n": 9,
        "diff_from_baseline": 0.1915708812260537
      },
      "T. von Danwitz_enforcement_no_comp": {
        "topic": "ENFORCEMENT_NO_COMP",
        "rate": 0.6666666666666666,
        "n": 3,
        "diff_from_baseline": 0.08045977011494254
      },