{
  "raw_gap_pp": 43.40467894474863,
  "third_enforcement_pct": 63.41463414634146,
  "grand_enforcement_pct": 26.53061224489796,
  "third_pro_ds_purpose_pct": 60.97560975609756,
  "grand_pro_ds_purpose_pct": 75.51020408163265,
  "or_unadjusted": 0.1500974658869395,
  "or_adjusted_concept": 0.11019450470735653,
  "or_adjusted_full": 0.023675330538064795,
  "p_adjusted_full": 0.0007409697380719376
}