{
  "third_chamber": {
    "Third_correlation": {
      "r": 0.31967075891156926,
      "p": 0.061210714906728664,
      "n": 35
    },
    "Non-Third_correlation": {
      "r": 0.11145367321269334,
      "p": 0.30122780488443335,
      "n": 88
    },
    "Grand Chamber_correlation": {
      "r": -0.03871273279111939,
      "p": 0.8749712532279593,
      "n": 19
    },
    "First_correlation": {
      "r": 0.04598688894645971,
      "p": 0.7930745613795754,
      "n": 35
    },
    "enforcement_specialization": {
      "third_share": 0.6571428571428571,
      "non_third_share": 0.3068181818181818
    },
    "interaction_model": {
      "pds_effect": 0.177774400150602,
      "pds_p": 0.4574235866937008,
      "interaction": 0.27014881207339336,
      "interaction_p": 0.5311805057279606
    }
  },
  "mediation": {
    "total_effect": {
      "c": 0.6150023305262428,
      "p": 0.0013443149262785234
    },
    "x_to_m": {
      "a": 0.4465153427907966,
      "p": 0.004442150349472836
    },
    "direct_effect": {
      "c_prime": 0.4556033651975832,
      "p": 0.01574236343578093
    },
    "m_to_y": {
      "b": 0.356984296065594,
      "p": 0.0010362672221968202
    },
    "mediation": {
      "indirect_effect": 0.15939896532865994,
      "proportion_mediated": 0.2591843273053389,
      "sobel_z": 2.195831253306639,
      "sobel_p": 0.028104023788952714
    }
  },
  "c300_cascade": {
    "c300_citers": {
      "n_citers": 11,
      "avg_pro_ds": 0.3727272727272727,
      "citer_list": [
        "C-182/22 & C-189/22",
        "C-200/23",
        "C-340/21",
        "C-456/22",
        "C-507/23",
        "C-590/22",
        "C-655/23",
        "C-667/21",
        "C-683/21",
        "C-687/21",
        "C-741/21"
      ]
    },
    "second_order": {
      "n_cases": 11,
      "cases": [
        "C-492/23",
        "C-446/21",
        "C-768/21",
        "C-807/21",
        "C-65/23",
        "C-638/23",
        "C-710/23",
        "C-313/23, C-316/23 & C-332/23",
        "C-604/22",
        "C-169/23",
        "C-231/22"
      ]
    }
  },
  "rapporteur": {},
  "temporal": {
    "structural_break_2022": {
      "pre_effect": -0.21166217057480458,
      "interaction": 0.9132003437046915,
      "interaction_p": 0.28553563668706927
    },
    "yearly_stats": [
      {
        "year": 2022,
        "n": 12,
        "correlation": -0.08997769527502958,
        "p_value": 0.7809434194994124,
        "mean_pro_ds": 0.5833333333333334,
        "mean_pds": 0.7861111111111111
      },
      {
        "year": 2023,
        "n": 38,
        "correlation": 0.35200660346679474,
        "p_value": 0.030209889878356495,
        "mean_pro_ds": 0.6052631578947368,
        "mean_pds": 0.6444078947368422
      },
      {
        "year": 2024,
        "n": 47,
        "correlation": 0.42614536728285357,
        "p_value": 0.0028203226169938684,
        "mean_pro_ds": 0.5531914893617021,
        "mean_pds": 0.5031155015197569
      },
      {
        "year": 2025,
        "n": 22,
        "correlation": 0.045150659823281696,
        "p_value": 0.8418600579455991,
        "mean_pro_ds": 0.5454545454545454,
        "mean_pds": 0.6315791847041846
      }
    ]
  },
  "counter_citations": {
    "counter_citation_rate": 0.2682926829268293,
    "chamber_rates": {
      "FIFTH": 0.375,
      "FOURTH": 0.3333333333333333,
      "GRAND_CHAMBER": 0.3157894736842105,
      "THIRD": 0.2857142857142857,
      "FIRST": 0.2571428571428571,
      "EIGHTH": 0.125,
      "NINTH": 0.0,
      "SECOND": 0.0,
      "SIXTH": 0.0
    },
    "concept_rates": {
      "PRINCIPLES": 0.5,
      "OTHER": 0.36363636363636365,
      "ENFORCEMENT": 0.34,
      "LAWFULNESS": 0.2727272727272727,
      "RIGHTS": 0.15384615384615385,
      "ACTORS": 0.125,
      "SCOPE": 0.07692307692307693,
      "SPECIAL_CATEGORIES": 0.0
    }
  }
}