{
  "timestamp": "2026-01-19T13:11:09.588751",
  "sample_restrictions": {
    "min_1_citations": {
      "n": 123,
      "r": 0.2859643282383183,
      "p": 0.0013443149262785297
    },
    "min_2_citations": {
      "n": 76,
      "r": 0.3947380637482089,
      "p": 0.00041766701683442983
    },
    "min_3_citations": {
      "n": 43,
      "r": 0.31586512236369646,
      "p": 0.03907574660914428
    },
    "trimmed_5_95": {
      "n": 119,
      "r": 0.2738102045619942,
      "p": 0.00258514273550535
    },
    "exclude_third_chamber": {
      "n": 88,
      "r": 0.11145367321269334,
      "p": 0.30122780488443335
    },
    "grand_chamber_only": {
      "n": 19,
      "r": -0.03871273279111939,
      "p": 0.8749712532279593
    }
  },
  "predictor_specifications": {
    "binary_predictor": {
      "p": 0.06214526993113959,
      "or": 2.1857142857142855
    },
    "tertile_split": {
      "mean": {
        "Low": 0.45454545454545453,
        "Medium": 0.6923076923076923,
        "High": 0.6
      },
      "count": {
        "Low": 44,
        "Medium": 39,
        "High": 40
      }
    },
    "continuous_predictor": {
      "r": 0.2859643282383183,
      "p": 0.0013443149262785297
    },
    "any_citations": {
      "with_rate": 0.5822784810126582,
      "without_rate": 0.782608695652174,
      "p": 0.10741758643968777
    }
  },
  "outcome_specifications": {
    "exclude_mixed_neutral": {
      "n": 90,
      "r": 0.3120463543852103,
      "p": 0.0027526233426373326
    },
    "broad_pro_ds": {
      "n": 123,
      "r": 0.2421059957355139,
      "p": 0.006977210746080404
    },
    "case_level": {
      "n": 59,
      "r": 0.30658905659986685,
      "p": 0.018188725068528117
    }
  },
  "temporal_stability": {
    "period_2023": {
      "n": 38,
      "r": 0.35200660346679474,
      "p": 0.030209889878356495
    },
    "period_2024": {
      "n": 47,
      "r": 0.42614536728285357,
      "p": 0.0028203226169938684
    },
    "period_2019-2022": {
      "n": 16,
      "r": -0.06323023977472024,
      "p": 0.8160437762486378
    },
    "period_2025": {
      "n": 22,
      "r": 0.045150659823281696,
      "p": 0.8418600579455991
    },
    "early_period": {
      "n": 101,
      "r": 0.33297822892402906,
      "p": 0.0006680355614890134
    },
    "late_period": {
      "n": 22,
      "r": 0.045150659823281696,
      "p": 0.8418600579455991
    }
  },
  "concept_heterogeneity": {
    "ENFORCEMENT": {
      "n": 50,
      "r": 0.3001336959642481,
      "p": 0.03420224776670726
    }
  },
  "placebo_tests": {
    "observed_r": 0.2859643282383183,
    "placebo_mean_r": 0.0017924245480905774,
    "placebo_sd": 0.08776129574455162,
    "permutation_p": 0.0
  },
  "multivariate_robustness": {
    "No controls": {
      "or": 14.467692180157616,
      "p": 0.0021850979661787334,
      "coef": 2.67191803795514
    },
    "+ Year": {
      "or": 14.72387495300097,
      "p": 0.0030237651933975552,
      "coef": 2.689470322747824
    },
    "+ Chamber": {
      "or": 5.96712262042185,
      "p": 0.06384986584439371,
      "coef": 1.78626483808946
    },
    "+ Concept": {
      "or": 7.255841757063169,
      "p": 0.036322720180576376,
      "coef": 1.981806904011515
    },
    "+ Year + Chamber": {
      "or": 5.544255941786948,
      "p": 0.08533963842880919,
      "coef": 1.7127624263679924
    },
    "+ All controls": {
      "or": 4.6592966739142705,
      "p": 0.14318807057137603,
      "coef": 1.5388645084021486
    },
    "+ All + Purpose": {
      "or": 3.6501669513513044,
      "p": 0.24186859065916777,
      "coef": 1.2947729066446017
    }
  },
  "summary": [
    "Sample restrictions: 4/6 significant at p<0.05",
    "Continuous predictor: p=0.0013",
    "Outcome 'exclude_mixed_neutral': r=0.312, p=0.0028",
    "Outcome 'broad_pro_ds': r=0.242, p=0.0070",
    "Outcome 'case_level': r=0.307, p=0.0182",
    "Temporal stability: 3/6 periods show effect",
    "Permutation test: p=0.0000",
    "Multivariate: 3/7 specifications significant"
  ]
}